modo,r2_df,mae_df,rmse_df,mape_df,smape_df,hit_rate_picos,r2_media_ras,mae_media_ras,rmse_media_ras
nowcasting_rolling,0.6618248419818042,10.683145991048972,13.704826983937526,37.07467434676029,23.191703700297044,0.8571428571428571,-0.00042220198221350327,0.869557156655314,1.141246169075027
forecast_fechado_recursivo,-0.3635688389529923,24.36844748678876,27.519544442250947,54.14405443006703,63.49943642464833,0.0,-0.3234802625150126,1.0447660295674654,1.3839080272437487
